{
  "$schema": "./node_modules/@angular/cli/lib/config/schema.json",
  "version": 1,
  "newProjectRoot": "projects",
  "projects": {
    "my-pwa": {
      "projectType": "application",
      "schematics": {
        "@schematics/angular:component": {
          "style": "scss"
        }
      },
      "root": "",
      "sourceRoot": "src",
      "prefix": "app",
      "architect": {
        "build": {
          "builder": "@angular-devkit/build-angular:application",
          "options": {
            "allowedCommonJsDependencies": [
              "aos",
              "crypto-js",
              "bcryptjs"
            ],
            "outputPath": "dist/my-pwa",
            "index": "src/index.html",
            "browser": "src/main.ts",
            "polyfills": [
              "zone.js"
            ],
            "tsConfig": "tsconfig.app.json",
            "inlineStyleLanguage": "scss",
            "assets": [
              {
                "glob": "**/*",
                "input": "public"
              }
            ],
            "styles": [
              "src/styles.scss",
              "node_modules/@fancyapps/fancybox/dist/jquery.fancybox.min.css",
              "node_modules/primeng/resources/themes/lara-light-blue/theme.css",
              "node_modules/primeng/resources/primeng.min.css"
            ],
            "scripts": [],
            "server": "src/main.server.ts",
            "prerender": false,
            "ssr": {
              "entry": "server.ts"
            }
          },
          "configurations": {
            "production": {
              "budgets": [
                {
                  "type": "initial",
                  "maximumWarning": "12mb",
                  "maximumError": "15mb"
                },
                {
                  "type": "anyComponentStyle",
                  "maximumWarning": "4mb",
                  "maximumError": "6mb"
                }
              ],
              "outputHashing": "all",
              "serviceWorker": "ngsw-config.json"
            },
            "development": {
              "optimization": false,
              "extractLicenses": false,
              "sourceMap": true
            }
          },
          "defaultConfiguration": "production"
        },
        "serve": {
          "builder": "@angular-devkit/build-angular:dev-server",
          "configurations": {
            "production": {
              "buildTarget": "my-pwa:build:production"
            },
            "development": {
              "buildTarget": "my-pwa:build:development"
            }
          },
          "defaultConfiguration": "development"
        },
        "extract-i18n": {
          "builder": "@angular-devkit/build-angular:extract-i18n"
        },
        "test": {
          "builder": "@angular-devkit/build-angular:karma",
          "options": {
            "polyfills": [
              "zone.js",
              "zone.js/testing"
            ],
            "tsConfig": "tsconfig.spec.json",
            "inlineStyleLanguage": "scss",
            "assets": [
              {
                "glob": "**/*",
                "input": "public"
              }
            ],
            "styles": [
              "./node_modules/smart-webcomponents-angular/source/styles/smart.default.css",
              "src/styles.scss"
            ],
            "scripts": [
              "node_modules/@fancyapps/fancybox/dist/jquery.fancybox.min.js",
              "node_modules/jquery/dist/jquery.min.js",
              "node_modules/semantic-ui-css/semantic.min.js"
            ]
          }
        }
      }
    }
  },
  "cli": {
    "analytics": "b4090fe7-a4fe-4e17-a474-a877816f131a"
  }
}