{
  "$schema": "./node_modules/@angular/service-worker/config/schema.json",
  "index": "/index.html",
  "assetGroups": [
    {
      "name": "app",
      "installMode": "prefetch",
      "resources": {
        "files": [
          "/**"
        ]
      }
    },
    {
      "name": "assets",
      "installMode": "lazy",
      "updateMode": "prefetch",
      "resources": {
        "files": [
          "/**/*.{svg,cur,jpg,jpeg,png,apng,webp,avi,gif,otf,ttf,woff,woff2,ico,pdf}"
        ]
      }
    }
  ]
}