{
  "$schema": "./node_modules/@angular/service-worker/config/schema.json",
  "index": "/index.html",
  "assetGroups": [
    {
      "name": "app",
      "installMode": "prefetch",
      "resources": {
        "files": [
          "/favicon.ico",
          "/index.html",
          "/manifest.webmanifest",
          "/**.css",
          "/**.js"
        ]
      }
    },
    {
      "name": "assets",
      "installMode": "lazy",
      "updateMode": "prefetch",
      "resources": {
        "files": [
          "/**/*.svg",
          "/**/*.cur",
          "/**/*.jpg",
          "/**/*.jpeg",
          "/**/*.png",
          "/**/*.apng",
          "/**/*.webp",
          "/**/*.avif",
          "/**/*.gif",
          "/**/*.otf",
          "/**/*.ttf",
          "/**/*.woff",
          "/**/*.woff2"
        ]
      }
    }
  ],
  "dataGroups": [
    {
      "name": "dynamic-routes",
      "urls": ["/"],
      "cacheConfig": {
        "strategy": "performance",
        "maxSize": 20,
        "maxAge": "1d",
        "timeout": "5s"
      }
    },
    {
      "name": "api-data",
      "urls": [
        "https://miapi.com/**"
      ],
      "cacheConfig": {
        "strategy": "freshness",  
        "maxSize": 50,             
        "maxAge": "6h",           
        "timeout": "10s"           
      }
    }
  ]
}
